{
  "hash": "1e018c50",
  "configHash": "7c82e91a",
  "lockfileHash": "7ddcce0d",
  "browserHash": "dd71a5e9",
  "optimized": {
    "@angular/common": {
      "src": "../../../../../node_modules/@angular/common/fesm2022/common.mjs",
      "file": "@angular_common.js",
      "fileHash": "76d9efed",
      "needsInterop": false
    },
    "@angular/common/http": {
      "src": "../../../../../node_modules/@angular/common/fesm2022/http.mjs",
      "file": "@angular_common_http.js",
      "fileHash": "9953e608",
      "needsInterop": false
    },
    "@angular/core": {
      "src": "../../../../../node_modules/@angular/core/fesm2022/core.mjs",
      "file": "@angular_core.js",
      "fileHash": "daee0041",
      "needsInterop": false
    },
    "@angular/flex-layout": {
      "src": "../../../../../node_modules/@angular/flex-layout/fesm2020/angular-flex-layout.mjs",
      "file": "@angular_flex-layout.js",
      "fileHash": "280198e5",
      "needsInterop": false
    },
    "@angular/flex-layout/extended": {
      "src": "../../../../../node_modules/@angular/flex-layout/fesm2020/angular-flex-layout-extended.mjs",
      "file": "@angular_flex-layout_extended.js",
      "fileHash": "bdcb1075",
      "needsInterop": false
    },
    "@angular/flex-layout/flex": {
      "src": "../../../../../node_modules/@angular/flex-layout/fesm2020/angular-flex-layout-flex.mjs",
      "file": "@angular_flex-layout_flex.js",
      "fileHash": "1b8ce453",
      "needsInterop": false
    },
    "@angular/forms": {
      "src": "../../../../../node_modules/@angular/forms/fesm2022/forms.mjs",
      "file": "@angular_forms.js",
      "fileHash": "8288368d",
      "needsInterop": false
    },
    "@angular/material/button": {
      "src": "../../../../../node_modules/@angular/material/fesm2022/button.mjs",
      "file": "@angular_material_button.js",
      "fileHash": "0a9d4cc8",
      "needsInterop": false
    },
    "@angular/material/card": {
      "src": "../../../../../node_modules/@angular/material/fesm2022/card.mjs",
      "file": "@angular_material_card.js",
      "fileHash": "95193781",
      "needsInterop": false
    },
    "@angular/material/core": {
      "src": "../../../../../node_modules/@angular/material/fesm2022/core.mjs",
      "file": "@angular_material_core.js",
      "fileHash": "b6b22c03",
      "needsInterop": false
    },
    "@angular/material/divider": {
      "src": "../../../../../node_modules/@angular/material/fesm2022/divider.mjs",
      "file": "@angular_material_divider.js",
      "fileHash": "c038ec68",
      "needsInterop": false
    },
    "@angular/material/expansion": {
      "src": "../../../../../node_modules/@angular/material/fesm2022/expansion.mjs",
      "file": "@angular_material_expansion.js",
      "fileHash": "11ac735f",
      "needsInterop": false
    },
    "@angular/material/form-field": {
      "src": "../../../../../node_modules/@angular/material/fesm2022/form-field.mjs",
      "file": "@angular_material_form-field.js",
      "fileHash": "f790bd7c",
      "needsInterop": false
    },
    "@angular/material/icon": {
      "src": "../../../../../node_modules/@angular/material/fesm2022/icon.mjs",
      "file": "@angular_material_icon.js",
      "fileHash": "c42b609b",
      "needsInterop": false
    },
    "@angular/material/input": {
      "src": "../../../../../node_modules/@angular/material/fesm2022/input.mjs",
      "file": "@angular_material_input.js",
      "fileHash": "420a9b1f",
      "needsInterop": false
    },
    "@angular/material/list": {
      "src": "../../../../../node_modules/@angular/material/fesm2022/list.mjs",
      "file": "@angular_material_list.js",
      "fileHash": "2f4804ba",
      "needsInterop": false
    },
    "@angular/material/select": {
      "src": "../../../../../node_modules/@angular/material/fesm2022/select.mjs",
      "file": "@angular_material_select.js",
      "fileHash": "6cdc13cb",
      "needsInterop": false
    },
    "@angular/material/sidenav": {
      "src": "../../../../../node_modules/@angular/material/fesm2022/sidenav.mjs",
      "file": "@angular_material_sidenav.js",
      "fileHash": "268b9ec7",
      "needsInterop": false
    },
    "@angular/material/slide-toggle": {
      "src": "../../../../../node_modules/@angular/material/fesm2022/slide-toggle.mjs",
      "file": "@angular_material_slide-toggle.js",
      "fileHash": "64929826",
      "needsInterop": false
    },
    "@angular/material/snack-bar": {
      "src": "../../../../../node_modules/@angular/material/fesm2022/snack-bar.mjs",
      "file": "@angular_material_snack-bar.js",
      "fileHash": "43757dcd",
      "needsInterop": false
    },
    "@angular/material/toolbar": {
      "src": "../../../../../node_modules/@angular/material/fesm2022/toolbar.mjs",
      "file": "@angular_material_toolbar.js",
      "fileHash": "69849ea0",
      "needsInterop": false
    },
    "@angular/material/tree": {
      "src": "../../../../../node_modules/@angular/material/fesm2022/tree.mjs",
      "file": "@angular_material_tree.js",
      "fileHash": "8d5fa9e9",
      "needsInterop": false
    },
    "@angular/platform-browser": {
      "src": "../../../../../node_modules/@angular/platform-browser/fesm2022/platform-browser.mjs",
      "file": "@angular_platform-browser.js",
      "fileHash": "0213d642",
      "needsInterop": false
    },
    "@angular/platform-browser/animations": {
      "src": "../../../../../node_modules/@angular/platform-browser/fesm2022/animations.mjs",
      "file": "@angular_platform-browser_animations.js",
      "fileHash": "101e131f",
      "needsInterop": false
    },
    "@angular/router": {
      "src": "../../../../../node_modules/@angular/router/fesm2022/router.mjs",
      "file": "@angular_router.js",
      "fileHash": "a2458b0c",
      "needsInterop": false
    },
    "rxjs": {
      "src": "../../../../../node_modules/rxjs/dist/esm5/index.js",
      "file": "rxjs.js",
      "fileHash": "3ac3ed44",
      "needsInterop": false
    },
    "sweetalert2": {
      "src": "../../../../../node_modules/sweetalert2/dist/sweetalert2.all.js",
      "file": "sweetalert2.js",
      "fileHash": "21dfec99",
      "needsInterop": true
    },
    "@angular/material/progress-spinner": {
      "src": "../../../../../node_modules/@angular/material/fesm2022/progress-spinner.mjs",
      "file": "@angular_material_progress-spinner.js",
      "fileHash": "1f54e037",
      "needsInterop": false
    },
    "ngx-ui-loader": {
      "src": "../../../../../node_modules/ngx-ui-loader/fesm2020/ngx-ui-loader.mjs",
      "file": "ngx-ui-loader.js",
      "fileHash": "71cee5b7",
      "needsInterop": false
    }
  },
  "chunks": {
    "chunk-BK3R6NNI": {
      "file": "chunk-BK3R6NNI.js"
    },
    "chunk-JI7HP43R": {
      "file": "chunk-JI7HP43R.js"
    },
    "chunk-7GPNN7H5": {
      "file": "chunk-7GPNN7H5.js"
    },
    "chunk-76WMXNBH": {
      "file": "chunk-76WMXNBH.js"
    },
    "chunk-FYZ4ENPZ": {
      "file": "chunk-FYZ4ENPZ.js"
    },
    "chunk-JTM5NFHY": {
      "file": "chunk-JTM5NFHY.js"
    },
    "chunk-5EXYT5LY": {
      "file": "chunk-5EXYT5LY.js"
    },
    "chunk-5C3SIO22": {
      "file": "chunk-5C3SIO22.js"
    },
    "chunk-JAAJD7WZ": {
      "file": "chunk-JAAJD7WZ.js"
    },
    "chunk-475AY7JY": {
      "file": "chunk-475AY7JY.js"
    },
    "chunk-LEFWVC5M": {
      "file": "chunk-LEFWVC5M.js"
    },
    "chunk-IPSF5LFE": {
      "file": "chunk-IPSF5LFE.js"
    },
    "chunk-5LOGXLIO": {
      "file": "chunk-5LOGXLIO.js"
    },
    "chunk-BM3MEPRF": {
      "file": "chunk-BM3MEPRF.js"
    },
    "chunk-ABJQU7O2": {
      "file": "chunk-ABJQU7O2.js"
    },
    "chunk-WFH3JKVJ": {
      "file": "chunk-WFH3JKVJ.js"
    },
    "chunk-GMMRJ2CZ": {
      "file": "chunk-GMMRJ2CZ.js"
    },
    "chunk-SYQQ6VOZ": {
      "file": "chunk-SYQQ6VOZ.js"
    },
    "chunk-JPN5AOHM": {
      "file": "chunk-JPN5AOHM.js"
    },
    "chunk-2JNEIYKB": {
      "file": "chunk-2JNEIYKB.js"
    },
    "chunk-WSA2QMXP": {
      "file": "chunk-WSA2QMXP.js"
    },
    "chunk-WKYGNSYM": {
      "file": "chunk-WKYGNSYM.js"
    }
  }
}